2025-07-31 21:16:20.813363,6967780222,scamsclub_store,4854527607,97.00 USD,https://nowpayments.io/payment/?iid=4854527607
2025-07-31 21:23:15.019530,6967780222,scamsclub_store,5153105937,97.00 USD,https://nowpayments.io/payment/?iid=5153105937
2025-07-31 21:29:10.302542,6967780222,scamsclub_store,4594287554,97.00 USD,https://nowpayments.io/payment/?iid=4594287554
2025-07-31 21:34:25.017503,6967780222,scamsclub_store,4340066342,97.00 USD,https://nowpayments.io/payment/?iid=4340066342
2025-07-31 21:34:25.018237,6967780222,scamsclub_store,4340066342,97.00 USD,https://nowpayments.io/payment/?iid=4340066342
2025-07-31 21:44:23.034498,6967780222,scamsclub_store,5009009960,97.00 USD,https://nowpayments.io/payment/?iid=5009009960
2025-07-31 21:44:23.035400,6967780222,scamsclub_store,5009009960,97.00 USD,https://nowpayments.io/payment/?iid=5009009960
2025-07-31 21:49:21.120958,1452684189,increditwetrust,6232506318,97.00 USD,https://nowpayments.io/payment/?iid=6232506318
2025-07-31 21:49:21.121834,1452684189,increditwetrust,6232506318,97.00 USD,https://nowpayments.io/payment/?iid=6232506318
2025-07-31 22:00:21.311379,6967780222,scamsclub_store,4638380388,97.00 USD,https://nowpayments.io/payment/?iid=4638380388
2025-07-31 22:00:21.312292,6967780222,scamsclub_store,4638380388,97.00 USD,https://nowpayments.io/payment/?iid=4638380388
